{
    "rmse": 0.7890916902176816,
    "mae": 0.640230458322348,
    "r2": 0.037276184808322066
}