{
    "rmse": 0.7911802070169205,
    "mae": 0.6540687983445828,
    "r2": 0.06144090865933305
}