{
    "rmse": 0.7124074989141665,
    "mae": 0.5978760466192717,
    "r2": 0.10073188126841526
}